{"cameraMode":{"drawMode":0,"name":"Shaded","section":"Shading Mode"},"sceneLighting":false,"audioPlay":false,"sceneViewState":{"showFog":true,"showMaterialUpdate":false,"showSkybox":false,"showFlares":true,"showImageEffects":true,"showParticleSystems":true},"in2DMode":false,"pivot":{"x":1.400181531906128,"y":2.128474235534668,"z":-5.960464477539063e-8},"rotation":{"x":-0.07590225338935852,"y":0.4904753863811493,"z":-0.04292712360620499,"w":-0.8670986294746399},"size":11.049492835998536,"orthographic":false}