{"cameraMode":{"drawMode":0,"name":"Shaded","section":"Shading Mode"},"sceneLighting":false,"audioPlay":false,"sceneViewState":{"showFog":true,"showMaterialUpdate":false,"showSkybox":false,"showFlares":true,"showImageEffects":true,"showParticleSystems":true},"in2DMode":false,"pivot":{"x":-0.0149993896484375,"y":12.175000190734864,"z":-0.0149993896484375},"rotation":{"x":-0.15737716853618623,"y":-0.5656851530075073,"z":0.11103031784296036,"w":-0.8018305897712708},"size":238.16551208496095,"orthographic":false}