{"count":1,"self":63.1150336,"total":157.9451713,"children":{"AgentResetIfDone":{"count":6492,"self":0.12640389999999999,"total":0.12640389999999999,"children":null},"AgentSendState":{"count":6492,"self":1.3579686,"total":2.004995,"children":{"CollectObservations":{"count":103920,"self":0.6470264,"total":0.6470264,"children":null}}},"DecideAction":{"count":6492,"self":77.2371584,"total":91.9130165,"children":{"RayPerceptionSensor.Perceive":{"count":207840,"self":14.6758592,"total":14.6758597,"children":null}}},"AcademyStep":{"count":6492,"self":0.045103399999999995,"total":0.045103399999999995,"children":null},"AgentAct":{"count":6492,"self":0.7386265,"total":0.7386265,"children":null}}}