{"count":1,"self":2488.1350656,"total":11351.192758199999,"children":{"AgentResetIfDone":{"count":1095601,"self":14.276980799999999,"total":14.2769807,"children":null},"AgentSendState":{"count":1095601,"self":89.7314432,"total":150.79918809999998,"children":{"CollectObservations":{"count":7011872,"self":61.067744,"total":61.067745599999995,"children":null}}},"DecideAction":{"count":1095601,"self":6974.1494272,"total":8627.2469104,"children":{"AgentInfo.ToProto":{"count":438242,"self":862.1868032,"total":1653.0970995999999,"children":{"RayPerceptionSensor.Perceive":{"count":14023744,"self":790.91025919999993,"total":790.9102458,"children":null}}}}},"AcademyStep":{"count":1095601,"self":6.7419328,"total":6.7419324,"children":null},"AgentAct":{"count":1095601,"self":63.990764799999994,"total":63.990764,"children":null}}}