{"count":1,"self":573.2099072,"total":891.0829721,"children":{"AgentResetIfDone":{"count":51892,"self":0.58092769999999994,"total":0.58092769999999994,"children":null},"AgentSendState":{"count":51892,"self":4.3590712,"total":7.2383744,"children":{"CollectObservations":{"count":332128,"self":2.8793032,"total":2.8793032,"children":null}}},"DecideAction":{"count":51892,"self":244.47385599999998,"total":307.1749402,"children":{"AgentInfo.ToProto":{"count":20758,"self":29.513503999999998,"total":62.701096799999995,"children":{"RayPerceptionSensor.Perceive":{"count":664256,"self":33.1875936,"total":33.1875936,"children":null}}}}},"AcademyStep":{"count":51892,"self":0.3044744,"total":0.3044744,"children":null},"AgentAct":{"count":51892,"self":2.573358,"total":2.5733579,"children":null}}}