{"count":1,"self":14.2218064,"total":36.0229806,"children":{"AgentResetIfDone":{"count":1592,"self":0.0178982,"total":0.0178982,"children":null},"AgentSendState":{"count":1592,"self":0.2340855,"total":0.3655383,"children":{"CollectObservations":{"count":25520,"self":0.13145279999999998,"total":0.13145279999999998,"children":null}}},"DecideAction":{"count":1592,"self":17.935771199999998,"total":21.2759115,"children":{"RayPerceptionSensor.Perceive":{"count":51040,"self":3.3401408,"total":3.3401406999999996,"children":null}}},"AcademyStep":{"count":1592,"self":0.0049882,"total":0.0049882,"children":null},"AgentAct":{"count":1592,"self":0.1348439,"total":0.1348439,"children":null}}}